ParticipantID,List,Sentence,ItemNumber,TrialStartTime,RecordingStartTime,Shape1StartTime,Shape2StartTime,Shape3StartTime,PromptStartTime,TrialEndTime,SecondsToStripFromFrontOfRecording,WebmFileName,LiveInUSTillThirteen,NativeLangEng,Age,StateGrewUp,AuditoryIssues,RecordingsArchive,ResultsReceptionTime,TargetFiller,Quartet,ConditionShorthandID,WhPhrase,Subject,Verb,Type,Preposition,TargetNoun,SameSemanticCategoryNoun,UnrelatedNoun,RecordingFileName,UniqID,ListUniqID,Shape1,Shape2,FillerType,MatrixWh,SubjectNoun,DativeNoun,ExtraFillerNoun,Shape3,Participant,Transcription
0AlwqQZUa4MWQTHcIbdtOQ,2,Which book did you order for the chicken?,1,1625785623307,1625785627947,1625785627949,NA,NA,1625785629753,1625785633757,1.806,recorder.webm,Yes,Yes,30,MN,,52ad85d6-d239-2cca-1fef-b3ac6a0e43e3.zip,2021-07-08 23:22:41,target,34,c,non-target,pronoun,order,double object verb,for,chicken,rooster,book,3eef29bb2dfe4357cc6092a68e6b2b08.mp3,non-target_pronoun_34,2_c_ix,triangle.png,NA,NA,NA,NA,NA,NA,NA,1,
0AlwqQZUa4MWQTHcIbdtOQ,2,Why did you give a snack to the penguin and the zookeeper?,2,1625785633761,1625785639659,1625785639660,1625785641464,1625785643267,1625785645072,1625785648964,5.413,recorder-1.webm,Yes,Yes,30,MN,,52ad85d6-d239-2cca-1fef-b3ac6a0e43e3.zip,2021-07-08 23:22:41,Filler,49,NA,NA,NA,give,double object verb,to,NA,NA,NA,f0b6015ad1d7e8f396259e4506f0a40a.mp3,ConjunctionUnrelated_49,2_ConjunctionUnrelated_i,square.png,circle.png,ConjunctionUnrelated,why,walrus,penguin,zookeeper,star.png,1,
0AlwqQZUa4MWQTHcIbdtOQ,2,Which letter did you write to the hedgehog?,3,1625785648966,1625785653610,1625785653611,1625785655417,NA,1625785657223,1625785660633,3.613,recorder-2.webm,Yes,Yes,30,MN,,52ad85d6-d239-2cca-1fef-b3ac6a0e43e3.zip,2021-07-08 23:22:41,target,18,c,non-target,pronoun,write,double object verb,to,hedgehog,armadillo,letter,a16e4fb9074a4b949f5c36c97015eabd.mp3,non-target_pronoun_18,2_c_v,circle.png,rectangle.png,NA,NA,NA,NA,NA,NA,1,
0AlwqQZUa4MWQTHcIbdtOQ,2,Which chameleon did you save the seat for?,4,1625785660635,1625785665578,1625785665579,NA,NA,1625785667384,1625785671172,1.806,recorder-3.webm,Yes,Yes,30,MN,,52ad85d6-d239-2cca-1fef-b3ac6a0e43e3.zip,2021-07-08 23:22:41,target,36,d,target,pronoun,save,double object verb,for,chameleon,cat,seat,5c274f6410799851e831f4c9068f4d3c.mp3,target_pronoun_36,2_d_ix,star.png,NA,NA,NA,NA,NA,NA,NA,1,
0AlwqQZUa4MWQTHcIbdtOQ,2,Which goose did you transfer the contract to?,5,1625785671173,1625785676266,1625785676267,1625785678073,NA,1625785679877,1625785683871,3.611,recorder-4.webm,Yes,Yes,30,MN,,52ad85d6-d239-2cca-1fef-b3ac6a0e43e3.zip,2021-07-08 23:22:41,target,16,d,target,pronoun,transfer,double object verb,to,goose,turtle,contract,eb8ae259e57178ed7fbd2c62b8221a76.mp3,target_pronoun_16,2_d_iv,star.png,rectangle.png,NA,NA,NA,NA,NA,NA,1,
0AlwqQZUa4MWQTHcIbdtOQ,2,How did you deal the gambler's hand to the chicken?,6,1625785683873,1625785688938,1625785688939,1625785690745,1625785692551,1625785694355,1625785698558,5.417,recorder-5.webm,Yes,Yes,30,MN,,52ad85d6-d239-2cca-1fef-b3ac6a0e43e3.zip,2021-07-08 23:22:41,Filler,63,NA,NA,NA,deal,double object verb,to,NA,NA,NA,943f3c14c5e2b76b68227142ba761d1b.mp3,PossessorUnrelated_63,2_PossessorUnrelated_iv,oval.png,triangle.png,PossessorUnrelated,how,rooster,chicken,gambler,circle.png,1,
0AlwqQZUa4MWQTHcIbdtOQ,2,Which captain did the sailor catch the fish for?,7,1625785698560,1625785703721,1625785703722,NA,NA,1625785705527,1625785709472,1.806,recorder-6.webm,Yes,Yes,30,MN,,52ad85d6-d239-2cca-1fef-b3ac6a0e43e3.zip,2021-07-08 23:22:41,target,35,b,target,same semantic category,catch,double object verb,for,captain,sailor,fish,fb9cfdfc58e0b3b98e7a16904c9f0ef9.mp3,target_same-semantic-category_35,2_b_ix,star.png,NA,NA,NA,NA,NA,NA,NA,1,
0AlwqQZUa4MWQTHcIbdtOQ,2,Which barn did you show to the cow?,8,1625785709474,1625785713961,1625785713962,NA,NA,1625785715764,1625785720179,1.803,recorder-7.webm,Yes,Yes,30,MN,,52ad85d6-d239-2cca-1fef-b3ac6a0e43e3.zip,2021-07-08 23:22:41,target,10,c,non-target,pronoun,show,double object verb,to,cow,pig,barn,54c5343195ac60f053f4d7e53f2e4bf0.mp3,non-target_pronoun_10,2_c_iii,circle.png,NA,NA,NA,NA,NA,NA,NA,1,
0AlwqQZUa4MWQTHcIbdtOQ,2,How did you mail the box to the philanthropist and the weatherman?,9,1625785720182,1625785726504,1625785726505,1625785728310,1625785730117,1625785731921,1625785736829,5.417,recorder-8.webm,Yes,Yes,30,MN,,52ad85d6-d239-2cca-1fef-b3ac6a0e43e3.zip,2021-07-08 23:22:41,Filler,70,NA,NA,NA,mail,double object verb,to,NA,NA,NA,788ede29b68abaffea2850fe0cf9c270.mp3,ConjunctionRelated_70,2_ConjunctionRelated_vi,star.png,rectangle.png,ConjunctionRelated,how,musician,philanthropist,weatherman,oval.png,1,
0AlwqQZUa4MWQTHcIbdtOQ,2,Which penguin did you build the nest for?,10,1625785736833,1625785741607,1625785741609,1625785743413,NA,1625785745219,1625785748547,3.612,recorder-9.webm,Yes,Yes,30,MN,,52ad85d6-d239-2cca-1fef-b3ac6a0e43e3.zip,2021-07-08 23:22:41,target,48,d,target,pronoun,build,double object verb,for,penguin,walrus,nest,8923664fbe44fa3e6b24b9cb9341650a.mp3,target_pronoun_48,2_d_xii,rectangle.png,square.png,NA,NA,NA,NA,NA,NA,1,
0AlwqQZUa4MWQTHcIbdtOQ,2,Which piece did the mom cut for the baby?,11,1625785748548,1625785753447,1625785753448,1625785755253,NA,1625785757057,1625785760836,3.61,recorder-10.webm,Yes,Yes,30,MN,,52ad85d6-d239-2cca-1fef-b3ac6a0e43e3.zip,2021-07-08 23:22:41,target,29,a,non-target,same semantic category,cut,double object verb,for,baby,mom,piece,0aa0ce5631006a30c8fc918e0333a6d6.mp3,non-target_same-semantic-category_29,2_a_viii,oval.png,circle.png,NA,NA,NA,NA,NA,NA,1,
0AlwqQZUa4MWQTHcIbdtOQ,2,Which tiger did you teach the trick to?,12,1625785760838,1625785765479,1625785765480,1625785767286,NA,1625785769089,1625785772342,3.61,recorder-11.webm,Yes,Yes,30,MN,,52ad85d6-d239-2cca-1fef-b3ac6a0e43e3.zip,2021-07-08 23:22:41,target,4,d,target,pronoun,teach,double object verb,to,tiger,lion,trick,ae8cf5438f1f890bf26224957ea698aa.mp3,target_pronoun_4,2_d_i,star.png,square.png,NA,NA,NA,NA,NA,NA,1,
0AlwqQZUa4MWQTHcIbdtOQ,2,How did you sell the accountant's car to the owl?,13,1625785772344,1625785777446,1625785777448,1625785779252,1625785781055,1625785782861,1625785787261,5.415,recorder-12.webm,Yes,Yes,30,MN,,52ad85d6-d239-2cca-1fef-b3ac6a0e43e3.zip,2021-07-08 23:22:41,Filler,59,NA,NA,NA,sell,double object verb,to,NA,NA,NA,aa1f4be52208f00c8cd42fb37a3b7c65.mp3,PossessorUnrelated_59,2_PossessorUnrelated_iii,rectangle.png,oval.png,PossessorUnrelated,how,bird,owl,accountant,star.png,1,
0AlwqQZUa4MWQTHcIbdtOQ,2,Which box did you mail to the caterpillar?,14,1625785787263,1625785792102,1625785792104,NA,NA,1625785793908,1625785797394,1.806,recorder-13.webm,Yes,Yes,30,MN,,52ad85d6-d239-2cca-1fef-b3ac6a0e43e3.zip,2021-07-08 23:22:41,target,22,c,non-target,pronoun,mail,double object verb,to,caterpillar,worm,box,b9379cc8567a2930a903cb2740db9d85.mp3,non-target_pronoun_22,2_c_vi,oval.png,NA,NA,NA,NA,NA,NA,NA,1,
0AlwqQZUa4MWQTHcIbdtOQ,2,How did you serve the cake to the guest and the owner?,15,1625785797397,1625785803046,1625785803046,1625785804852,1625785806658,1625785808463,1625785812195,5.417,recorder-14.webm,Yes,Yes,30,MN,,52ad85d6-d239-2cca-1fef-b3ac6a0e43e3.zip,2021-07-08 23:22:41,Filler,50,NA,NA,NA,serve,double object verb,to,NA,NA,NA,1653cc1f6bb0524503e7e8f6cfa28078.mp3,ConjunctionRelated_50,2_ConjunctionRelated_i,circle.png,oval.png,ConjunctionRelated,how,host,guest,owner,triangle.png,1,
0AlwqQZUa4MWQTHcIbdtOQ,2,Which snack did you pass to the otter?,16,1625785812198,1625785816805,1625785816806,NA,NA,1625785818612,1625785822259,1.807,recorder-15.webm,Yes,Yes,30,MN,,52ad85d6-d239-2cca-1fef-b3ac6a0e43e3.zip,2021-07-08 23:22:41,target,14,c,non-target,pronoun,pass,double object verb,to,otter,frog,snack,32809b28a19b27ded8dd9a69d3874552.mp3,non-target_pronoun_14,2_c_iv,circle.png,NA,NA,NA,NA,NA,NA,NA,1,
0AlwqQZUa4MWQTHcIbdtOQ,2,Which donkey did you hand the toy to?,17,1625785822260,1625785826917,1625785826918,1625785828721,NA,1625785830527,1625785833510,3.61,recorder-16.webm,Yes,Yes,30,MN,,52ad85d6-d239-2cca-1fef-b3ac6a0e43e3.zip,2021-07-08 23:22:41,target,24,d,target,pronoun,hand,double object verb,to,donkey,rabbit,toy,ee2ba1230f8ab945df5fdcab12d79740.mp3,target_pronoun_24,2_d_vi,oval.png,triangle.png,NA,NA,NA,NA,NA,NA,1,
0AlwqQZUa4MWQTHcIbdtOQ,2,Why did you prescribe the antidote to the chameleon and the dean?,18,1625785833512,1625785839844,1625785839844,1625785841647,1625785843454,1625785845258,1625785849263,5.414,recorder-17.webm,Yes,Yes,30,MN,,52ad85d6-d239-2cca-1fef-b3ac6a0e43e3.zip,2021-07-08 23:22:41,Filler,61,NA,NA,NA,prescribe,double object verb,to,NA,NA,NA,88f2ef5cdcd4d3b0f639663cfbf9c61a.mp3,ConjunctionUnrelated_61,2_ConjunctionUnrelated_iv,square.png,circle.png,ConjunctionUnrelated,why,cat,chameleon,dean,triangle.png,1,
0AlwqQZUa4MWQTHcIbdtOQ,2,Which chipmunk did you read the story to?,19,1625785849266,1625785854116,1625785854116,NA,NA,1625785855921,1625785860249,1.805,recorder-18.webm,Yes,Yes,30,MN,,52ad85d6-d239-2cca-1fef-b3ac6a0e43e3.zip,2021-07-08 23:22:41,target,20,d,target,pronoun,read,double object verb,to,chipmunk,raccoon,story,425ed4348212cfa101de6b0814e7320a.mp3,target_pronoun_20,2_d_v,star.png,NA,NA,NA,NA,NA,NA,NA,1,
0AlwqQZUa4MWQTHcIbdtOQ,2,Which teacher did the carpenter cook the meal for?,20,1625785860250,1625785865443,1625785865444,1625785867252,NA,1625785869056,1625785873547,3.613,recorder-19.webm,Yes,Yes,30,MN,,52ad85d6-d239-2cca-1fef-b3ac6a0e43e3.zip,2021-07-08 23:22:41,target,39,b,target,same semantic category,cook,double object verb,for,teacher,carpenter,meal,a712cda6ab7dca53270925031d1b9dac.mp3,target_same-semantic-category_39,2_b_x,square.png,star.png,NA,NA,NA,NA,NA,NA,1,
0AlwqQZUa4MWQTHcIbdtOQ,2,Which favor did the owner do for the customer?,21,1625785873548,1625785878627,1625785878628,NA,NA,1625785880431,1625785883737,1.804,recorder-20.webm,Yes,Yes,30,MN,,52ad85d6-d239-2cca-1fef-b3ac6a0e43e3.zip,2021-07-08 23:22:41,target,33,a,non-target,same semantic category,do,double object verb,for,customer,owner,favor,48f79094096d17421b5f7994ae248db1.mp3,non-target_same-semantic-category_33,2_a_ix,rectangle.png,NA,NA,NA,NA,NA,NA,NA,1,
0AlwqQZUa4MWQTHcIbdtOQ,2,Why did you offer the contractor's promotion to the employee?,22,1625785883738,1625785889379,1625785889379,1625785891185,1625785892992,1625785894797,1625785898854,5.418,recorder-21.webm,Yes,Yes,30,MN,,52ad85d6-d239-2cca-1fef-b3ac6a0e43e3.zip,2021-07-08 23:22:41,Filler,56,NA,NA,NA,offer,double object verb,to,NA,NA,NA,fc214fa528ec12627744004f91a350b6.mp3,PossessorRelated_56,2_PossessorRelated_ii,circle.png,rectangle.png,PossessorRelated,why,boss,employee,contractor,star.png,1,
0AlwqQZUa4MWQTHcIbdtOQ,2,Which engineer did the landlord rent the apartment to?,23,1625785898855,1625785904482,1625785904483,NA,NA,1625785906289,1625785910187,1.807,recorder-22.webm,Yes,Yes,30,MN,,52ad85d6-d239-2cca-1fef-b3ac6a0e43e3.zip,2021-07-08 23:22:41,target,23,b,target,same semantic category,rent,double object verb,to,engineer,landlord,apartment,a3f7907d8afb46207bab69935f58363f.mp3,target_same-semantic-category_23,2_b_vi,triangle.png,NA,NA,NA,NA,NA,NA,NA,1,
0AlwqQZUa4MWQTHcIbdtOQ,2,Which gorilla did you make the shelter for?,24,1625785910189,1625785915041,1625785915042,1625785916847,NA,1625785918652,1625785921728,3.611,recorder-23.webm,Yes,Yes,30,MN,,52ad85d6-d239-2cca-1fef-b3ac6a0e43e3.zip,2021-07-08 23:22:41,target,40,d,target,pronoun,make,double object verb,for,gorilla,monkey,shelter,9aa68f9ecc9162aab4e7a7774285cafe.mp3,target_pronoun_40,2_d_x,rectangle.png,square.png,NA,NA,NA,NA,NA,NA,1,
0AlwqQZUa4MWQTHcIbdtOQ,2,Which prize did the judge award to the competitor?,25,1625785921730,1625785927009,1625785927010,NA,NA,1625785928815,1625785932435,1.806,recorder-24.webm,Yes,Yes,30,MN,,52ad85d6-d239-2cca-1fef-b3ac6a0e43e3.zip,2021-07-08 23:22:41,target,17,a,non-target,same semantic category,award,double object verb,to,competitor,judge,prize,5bc0b2d5b49e9697cb3ab713dc6eb212.mp3,non-target_same-semantic-category_17,2_a_v,oval.png,NA,NA,NA,NA,NA,NA,NA,1,
0AlwqQZUa4MWQTHcIbdtOQ,2,Why did you read the child's book to the baby?,26,1625785932436,1625785937440,1625785937442,1625785939250,1625785941056,1625785942860,1625785946137,5.42,recorder-25.webm,Yes,Yes,30,MN,,52ad85d6-d239-2cca-1fef-b3ac6a0e43e3.zip,2021-07-08 23:22:41,Filler,68,NA,NA,NA,read,double object verb,to,NA,NA,NA,2a713438be44d147929329db26525e09.mp3,PossessorRelated_68,2_PossessorRelated_v,triangle.png,circle.png,PossessorRelated,why,mom,baby,child,square.png,1,
0AlwqQZUa4MWQTHcIbdtOQ,2,Which guest did the host reserve the room for?,27,1625785946139,1625785951264,1625785951266,NA,NA,1625785953073,1625785958332,1.809,recorder-26.webm,Yes,Yes,30,MN,,52ad85d6-d239-2cca-1fef-b3ac6a0e43e3.zip,2021-07-08 23:22:41,target,47,b,target,same semantic category,reserve,double object verb,for,guest,host,room,ea15886d35ffcb05b8f178ea410ffc2f.mp3,target_same-semantic-category_47,2_b_xii,rectangle.png,NA,NA,NA,NA,NA,NA,NA,1,
0AlwqQZUa4MWQTHcIbdtOQ,2,Which job did you guarantee for the reindeer?,28,1625785958334,1625785963232,1625785963233,NA,NA,1625785965040,1625785968641,1.808,recorder-27.webm,Yes,Yes,30,MN,,52ad85d6-d239-2cca-1fef-b3ac6a0e43e3.zip,2021-07-08 23:22:41,target,30,c,non-target,pronoun,guarantee,double object verb,for,reindeer,elk,feast,74e3d65db55d98caa23bf6d8b1b51c4e.mp3,non-target_pronoun_30,2_c_viii,oval.png,NA,NA,NA,NA,NA,NA,NA,1,
0AlwqQZUa4MWQTHcIbdtOQ,2,Which player did the gambler deal the card to?,29,1625785968642,1625785973856,1625785973857,NA,NA,1625785975662,1625785979181,1.806,recorder-28.webm,Yes,Yes,30,MN,,52ad85d6-d239-2cca-1fef-b3ac6a0e43e3.zip,2021-07-08 23:22:41,target,15,b,target,same semantic category,deal,double object verb,to,player,gambler,card,a7de8a251feb269ea9d262d28305ad8a.mp3,target_same-semantic-category_15,2_b_iv,rectangle.png,NA,NA,NA,NA,NA,NA,NA,1,
0AlwqQZUa4MWQTHcIbdtOQ,2,How did you assign the butler's task to the reindeer?,30,1625785979182,1625785984479,1625785984480,1625785986285,1625785988090,1625785989892,1625785993645,5.413,recorder-29.webm,Yes,Yes,30,MN,,52ad85d6-d239-2cca-1fef-b3ac6a0e43e3.zip,2021-07-08 23:22:41,Filler,67,NA,NA,NA,assign,double object verb,to,NA,NA,NA,39ed40e8ce7788efc2d1d61f369c0c65.mp3,PossessorUnrelated_67,2_PossessorUnrelated_v,star.png,circle.png,PossessorUnrelated,how,elk,reindeer,butler,oval.png,1,
0AlwqQZUa4MWQTHcIbdtOQ,2,Which fruit did you take to the elephant?,31,1625785993646,1625785998367,1625785998367,NA,NA,1625786000169,1625786003314,1.802,recorder-30.webm,Yes,Yes,30,MN,,52ad85d6-d239-2cca-1fef-b3ac6a0e43e3.zip,2021-07-08 23:22:41,target,6,c,non-target,pronoun,take,double object verb,to,elephant,fox,fruit,849952faa4a593aa0af23add617e1cf2.mp3,non-target_pronoun_6,2_c_ii,star.png,NA,NA,NA,NA,NA,NA,NA,1,
0AlwqQZUa4MWQTHcIbdtOQ,2,Why did you send the package to the eagle and the park ranger?,32,1625786003316,1625786009503,1625786009504,1625786011309,1625786013112,1625786014917,1625786019050,5.414,recorder-31.webm,Yes,Yes,30,MN,,52ad85d6-d239-2cca-1fef-b3ac6a0e43e3.zip,2021-07-08 23:22:41,Filler,53,NA,NA,NA,send,double object verb,to,NA,NA,NA,ce77f3f73a7fd86d43a7a94d79089f0b.mp3,ConjunctionUnrelated_53,2_ConjunctionUnrelated_ii,oval.png,star.png,ConjunctionUnrelated,why,robin,eagle,park ranger,circle.png,1,
0AlwqQZUa4MWQTHcIbdtOQ,2,Which toy did the girl loan to the boy?,33,1625786019052,1625786023838,1625786023839,1625786025644,NA,1625786027447,1625786031096,3.609,recorder-32.webm,Yes,Yes,30,MN,,52ad85d6-d239-2cca-1fef-b3ac6a0e43e3.zip,2021-07-08 23:22:41,target,9,a,non-target,same semantic category,loan,double object verb,to,boy,girl,toy,ae9953149ead59f29673d848457d603a.mp3,non-target_same-semantic-category_9,2_a_iii,triangle.png,star.png,NA,NA,NA,NA,NA,NA,1,
0AlwqQZUa4MWQTHcIbdtOQ,2,Which title did the queen grant to the knight?,34,1625786031098,1625786036125,1625786036126,1625786037931,NA,1625786039736,1625786043410,3.611,recorder-33.webm,Yes,Yes,30,MN,,52ad85d6-d239-2cca-1fef-b3ac6a0e43e3.zip,2021-07-08 23:22:41,target,21,a,non-target,same semantic category,grant,double object verb,to,knight,queen,title,1414ea34c593a1efd72a9ad58439c887.mp3,non-target_same-semantic-category_21,2_a_vi,circle.png,rectangle.png,NA,NA,NA,NA,NA,NA,1,
0AlwqQZUa4MWQTHcIbdtOQ,2,Which pillow did you provide for the owl?,35,1625786043412,1625786048156,1625786048157,1625786049964,NA,1625786051768,1625786054993,3.612,recorder-34.webm,Yes,Yes,30,MN,,52ad85d6-d239-2cca-1fef-b3ac6a0e43e3.zip,2021-07-08 23:22:41,target,38,c,non-target,pronoun,provide,double object verb,for,owl,bird,pillow,4387cb82d2284bfed054a1275b4d75fc.mp3,non-target_pronoun_38,2_c_x,circle.png,triangle.png,NA,NA,NA,NA,NA,NA,1,
0AlwqQZUa4MWQTHcIbdtOQ,2,How did you rent the designer's house to the rat?,36,1625786054996,1625786060060,1625786060061,1625786061865,1625786063671,1625786065477,1625786069327,5.417,recorder-35.webm,Yes,Yes,30,MN,,52ad85d6-d239-2cca-1fef-b3ac6a0e43e3.zip,2021-07-08 23:22:41,Filler,71,NA,NA,NA,rent,double object verb,to,NA,NA,NA,70e0db58e9da030d8bc6d2ecbd9ddebd.mp3,PossessorUnrelated_71,2_PossessorUnrelated_vi,star.png,rectangle.png,PossessorUnrelated,how,mouse,rat,designer,square.png,1,
0AlwqQZUa4MWQTHcIbdtOQ,2,How did you write the letter to the lawyer and the dentist?,37,1625786069329,1625786075164,1625786075165,1625786076968,1625786078770,1625786080578,1625786085025,5.414,recorder-36.webm,Yes,Yes,30,MN,,52ad85d6-d239-2cca-1fef-b3ac6a0e43e3.zip,2021-07-08 23:22:41,Filler,66,NA,NA,NA,write,double object verb,to,NA,NA,NA,dbf136f8838d116d034c98aab3f5041d.mp3,ConjunctionRelated_66,2_ConjunctionRelated_v,triangle.png,rectangle.png,ConjunctionRelated,how,architect,lawyer,dentist,square.png,1,
0AlwqQZUa4MWQTHcIbdtOQ,2,Which professor did the salesman sell the vacuum to?,38,1625786085027,1625786090651,1625786090652,1625786092455,NA,1625786094260,1625786098247,3.609,recorder-37.webm,Yes,Yes,30,MN,,52ad85d6-d239-2cca-1fef-b3ac6a0e43e3.zip,2021-07-08 23:22:41,target,11,b,target,same semantic category,sell,double object verb,to,professor,salesman,vacuum,02584822b43817c675c7fa09938f7431.mp3,target_same-semantic-category_11,2_b_iii,triangle.png,oval.png,NA,NA,NA,NA,NA,NA,1,
0AlwqQZUa4MWQTHcIbdtOQ,2,Why did you grant the opportunity to the bear and the plumber?,39,1625786098249,1625786104411,1625786104412,1625786106217,1625786108020,1625786109823,1625786114041,5.412,recorder-38.webm,Yes,Yes,30,MN,,52ad85d6-d239-2cca-1fef-b3ac6a0e43e3.zip,2021-07-08 23:22:41,Filler,69,NA,NA,NA,grant,double object verb,to,NA,NA,NA,f02f7ee0cd7bfa7569319cd2eeaf72df.mp3,ConjunctionUnrelated_69,2_ConjunctionUnrelated_vi,triangle.png,rectangle.png,ConjunctionUnrelated,why,moose,bear,plumber,circle.png,1,
0AlwqQZUa4MWQTHcIbdtOQ,2,Which firefighter did the seamstress knit the sweater for?,40,1625786114042,1625786119643,1625786119643,1625786121446,NA,1625786123252,1625786133867,3.609,recorder-39.webm,Yes,Yes,30,MN,,52ad85d6-d239-2cca-1fef-b3ac6a0e43e3.zip,2021-07-08 23:22:41,target,43,b,target,same semantic category,knit,double object verb,for,firefighter,seamstress,sweater,317bd25f2cfcdd91a41dd35ae2c08f56.mp3,target_same-semantic-category_43,2_b_xi,square.png,star.png,NA,NA,NA,NA,NA,NA,1,
0AlwqQZUa4MWQTHcIbdtOQ,2,Which squirrel did you offer the acorn to?,41,1625786133869,1625786138842,1625786138843,NA,NA,1625786140647,1625786144200,1.805,recorder-40.webm,Yes,Yes,30,MN,,52ad85d6-d239-2cca-1fef-b3ac6a0e43e3.zip,2021-07-08 23:22:41,target,8,d,target,pronoun,offer,double object verb,to,squirrel,beaver,acorn,33dc385ee553d38d608f12113f2c3833.mp3,target_pronoun_8,2_d_ii,square.png,NA,NA,NA,NA,NA,NA,NA,1,
0AlwqQZUa4MWQTHcIbdtOQ,2,Which singer did the painter bring the present to?,42,1625786144202,1625786149338,1625786149338,NA,NA,1625786151145,1625786156524,1.807,recorder-41.webm,Yes,Yes,30,MN,,52ad85d6-d239-2cca-1fef-b3ac6a0e43e3.zip,2021-07-08 23:22:41,target,7,b,target,same semantic category,bring,double object verb,to,singer,painter,present,8553393687f37072b33398d3498e9bea.mp3,target_same-semantic-category_7,2_b_ii,rectangle.png,NA,NA,NA,NA,NA,NA,NA,1,
0AlwqQZUa4MWQTHcIbdtOQ,2,Why did you award the prize to the duck and the governor?,43,1625786156525,1625786162393,1625786162394,1625786164198,1625786166004,1625786167809,1625786172150,5.416,recorder-42.webm,Yes,Yes,30,MN,,52ad85d6-d239-2cca-1fef-b3ac6a0e43e3.zip,2021-07-08 23:22:41,Filler,65,NA,NA,NA,award,double object verb,to,NA,NA,NA,af2b383066c170fb402c152626f7a56e.mp3,ConjunctionUnrelated_65,2_ConjunctionUnrelated_v,square.png,rectangle.png,ConjunctionUnrelated,why,wolf,duck,governor,triangle.png,1,
0AlwqQZUa4MWQTHcIbdtOQ,2,Which home did you find for the lizard?,44,1625786172151,1625786176857,1625786176858,NA,NA,1625786178663,1625786182364,1.806,recorder-43.webm,Yes,Yes,30,MN,,52ad85d6-d239-2cca-1fef-b3ac6a0e43e3.zip,2021-07-08 23:22:41,target,46,c,non-target,pronoun,find,double object verb,for,lizard,snake,home,271cd3c1d784623ef80a66e74e4850d1.mp3,non-target_pronoun_46,2_c_xii,rectangle.png,NA,NA,NA,NA,NA,NA,NA,1,
0AlwqQZUa4MWQTHcIbdtOQ,2,Which man did the woman throw the ball to?,45,1625786182366,1625786187352,1625786187353,1625786189157,NA,1625786190961,1625786196703,3.609,recorder-44.webm,Yes,Yes,30,MN,,52ad85d6-d239-2cca-1fef-b3ac6a0e43e3.zip,2021-07-08 23:22:41,target,3,b,target,same semantic category,throw,double object verb,to,man,woman,ball,ad6bc8f95e701d78778bcf1f0d810bb0.mp3,target_same-semantic-category_3,2_b_i,square.png,circle.png,NA,NA,NA,NA,NA,NA,1,
0AlwqQZUa4MWQTHcIbdtOQ,2,Which picture did you draw for the rat?,46,1625786196705,1625786201304,1625786201305,1625786203110,NA,1625786204915,1625786208206,3.611,recorder-45.webm,Yes,Yes,30,MN,,52ad85d6-d239-2cca-1fef-b3ac6a0e43e3.zip,2021-07-08 23:22:41,target,26,c,non-target,pronoun,draw,double object verb,for,rat,mouse,picture,cc7fda7d6d56288a57c75733749c567c.mp3,non-target_pronoun_26,2_c_vii,oval.png,circle.png,NA,NA,NA,NA,NA,NA,1,
0AlwqQZUa4MWQTHcIbdtOQ,2,Why did you hand the judge's bill to the politician?,47,1625786208208,1625786213463,1625786213464,1625786215266,1625786217071,1625786218877,1625786224079,5.414,recorder-46.webm,Yes,Yes,30,MN,,52ad85d6-d239-2cca-1fef-b3ac6a0e43e3.zip,2021-07-08 23:22:41,Filler,72,NA,NA,NA,hand,double object verb,to,NA,NA,NA,76cdbc3719ead554292b0f29b5c9c5f6.mp3,PossessorRelated_72,2_PossessorRelated_vi,square.png,rectangle.png,PossessorRelated,why,lobbyist,politician,judge,circle.png,1,
0AlwqQZUa4MWQTHcIbdtOQ,2,Which gift did the banker send to the accountant?,48,1625786224081,1625786229271,1625786229272,1625786231077,NA,1625786232879,1625786236614,3.608,recorder-47.webm,Yes,Yes,30,MN,,52ad85d6-d239-2cca-1fef-b3ac6a0e43e3.zip,2021-07-08 23:22:41,target,5,a,non-target,same semantic category,send,double object verb,to,accountant,banker,gift,e38202fd8b0a62710c7c9669bd50dbc6.mp3,non-target_same-semantic-category_5,2_a_ii,rectangle.png,star.png,NA,NA,NA,NA,NA,NA,1,
0AlwqQZUa4MWQTHcIbdtOQ,2,Which vacation did the lobbyist book for the politician?,49,1625786236615,1625786242390,1625786242391,1625786244197,NA,1625786246003,1625786250525,3.613,recorder-48.webm,Yes,Yes,30,MN,,52ad85d6-d239-2cca-1fef-b3ac6a0e43e3.zip,2021-07-08 23:22:41,target,25,a,non-target,same semantic category,book,double object verb,for,politician,lobbyist,vacation,118b954ae25212ef91cd776b5d2ecc5e.mp3,non-target_same-semantic-category_25,2_a_vii,triangle.png,oval.png,NA,NA,NA,NA,NA,NA,1,
0AlwqQZUa4MWQTHcIbdtOQ,2,How did the giraffe bring the tourist's grass to the zebra?,50,1625786250526,1625786256150,1625786256151,1625786257956,1625786259758,1625786261563,1625786266604,5.413,recorder-49.webm,Yes,Yes,30,MN,,52ad85d6-d239-2cca-1fef-b3ac6a0e43e3.zip,2021-07-08 23:22:41,Filler,55,NA,NA,NA,bring,double object verb,to,NA,NA,NA,7e6508a25d58785ffe9697e7f3359d70.mp3,PossessorUnrelated_55,2_PossessorUnrelated_ii,triangle.png,oval.png,PossessorUnrelated,how,giraffe,zebra,tourist,square.png,1,
0AlwqQZUa4MWQTHcIbdtOQ,2,Why did you teach the librarian's recipe to the mechanic?,51,1625786266606,1625786272213,1625786272215,1625786274018,1625786275821,1625786277626,1625786283003,5.413,recorder-50.webm,Yes,Yes,30,MN,,52ad85d6-d239-2cca-1fef-b3ac6a0e43e3.zip,2021-07-08 23:22:41,Filler,52,NA,NA,NA,teach,double object verb,to,NA,NA,NA,0dff7c655355b4727e9a4531aae34458.mp3,PossessorRelated_52,2_PossessorRelated_i,oval.png,circle.png,PossessorRelated,why,chef,mechanic,librarian,triangle.png,1,
0AlwqQZUa4MWQTHcIbdtOQ,2,Which bear did you leave the treat for?,52,1625786283004,1625786287765,1625786287766,1625786289570,NA,1625786291373,1625786294706,3.608,recorder-51.webm,Yes,Yes,30,MN,,52ad85d6-d239-2cca-1fef-b3ac6a0e43e3.zip,2021-07-08 23:22:41,target,28,d,target,pronoun,leave,double object verb,for,bear,moose,treat,a2319695ce48fb9992fbb3670640a5c3.mp3,target_pronoun_28,2_d_vii,square.png,star.png,NA,NA,NA,NA,NA,NA,1,
0AlwqQZUa4MWQTHcIbdtOQ,2,Which philanthropist did the musician compose the symphony for?,53,1625786294708,1625786300756,1625786300757,1625786302565,NA,1625786304369,1625786309334,3.613,recorder-52.webm,Yes,Yes,30,MN,,52ad85d6-d239-2cca-1fef-b3ac6a0e43e3.zip,2021-07-08 23:22:41,target,27,b,target,same semantic category,compose,double object verb,for,philanthropist,musician,symphony,1630136b95ca62c400f355a8839ac940.mp3,target_same-semantic-category_27,2_b_vii,star.png,rectangle.png,NA,NA,NA,NA,NA,NA,1,
0AlwqQZUa4MWQTHcIbdtOQ,2,Which secretary did the manager assign the task to?,54,1625786309336,1625786314963,1625786314964,NA,NA,1625786316767,1625786320850,1.804,recorder-53.webm,Yes,Yes,30,MN,,52ad85d6-d239-2cca-1fef-b3ac6a0e43e3.zip,2021-07-08 23:22:41,target,19,b,target,same semantic category,assign,double object verb,to,secretary,manager,task,47f0f27dbc7dc194816fae9525281f9b.mp3,target_same-semantic-category_19,2_b_v,square.png,NA,NA,NA,NA,NA,NA,NA,1,
0AlwqQZUa4MWQTHcIbdtOQ,2,How did the seamstress take the gift to the firefighter and the police officer?,55,1625786320851,1625786327891,1625786327892,1625786329697,1625786331502,1625786333310,1625786339398,5.419,recorder-54.webm,Yes,Yes,30,MN,,52ad85d6-d239-2cca-1fef-b3ac6a0e43e3.zip,2021-07-08 23:22:41,Filler,54,NA,NA,NA,take,double object verb,to,NA,NA,NA,cd37a0d91e4c2b928f6bac6e65c71463.mp3,ConjunctionRelated_54,2_ConjunctionRelated_ii,oval.png,triangle.png,ConjunctionRelated,how,seamstress,firefighter,police officer,circle.png,1,
0AlwqQZUa4MWQTHcIbdtOQ,2,Which dessert did you serve to the dog?,56,1625786339400,1625786344147,1625786344148,1625786345951,NA,1625786347757,1625786351780,3.61,recorder-55.webm,Yes,Yes,30,MN,,52ad85d6-d239-2cca-1fef-b3ac6a0e43e3.zip,2021-07-08 23:22:41,target,2,c,non-target,pronoun,serve,double object verb,to,dog,horse,dessert,4d4095af622b88b645faceaf090dfe87.mp3,non-target_pronoun_2,2_c_i,triangle.png,square.png,NA,NA,NA,NA,NA,NA,1,
0AlwqQZUa4MWQTHcIbdtOQ,2,Which laptop did the administrator purchase for the chemist?,57,1625786351781,1625786357587,1625786357588,NA,NA,1625786359390,1625786363632,1.803,recorder-56.webm,Yes,Yes,30,MN,,52ad85d6-d239-2cca-1fef-b3ac6a0e43e3.zip,2021-07-08 23:22:41,target,37,a,non-target,same semantic category,purchase,double object verb,for,chemist,administrator,laptop,65aa6750a537498f8b75a13aa35283e1.mp3,non-target_same-semantic-category_37,2_a_x,star.png,NA,NA,NA,NA,NA,NA,NA,1,
0AlwqQZUa4MWQTHcIbdtOQ,2,How did you throw the teacher's rock to the lizard?,58,1625786363633,1625786368722,1625786368723,1625786370529,1625786372333,1625786374136,1625786377969,5.414,recorder-57.webm,Yes,Yes,30,MN,,52ad85d6-d239-2cca-1fef-b3ac6a0e43e3.zip,2021-07-08 23:22:41,Filler,51,NA,NA,NA,throw,double object verb,to,NA,NA,NA,8e85968eb6cdabd160b7e5d57d91e55d.mp3,PossessorUnrelated_51,2_PossessorUnrelated_i,star.png,oval.png,PossessorUnrelated,how,snake,lizard,teacher,triangle.png,1,
0AlwqQZUa4MWQTHcIbdtOQ,2,Why did you loan the money to the gorilla and the student?,59,1625786377970,1625786383826,1625786383827,1625786385629,1625786387432,1625786389236,1625786393753,5.41,recorder-58.webm,Yes,Yes,30,MN,,52ad85d6-d239-2cca-1fef-b3ac6a0e43e3.zip,2021-07-08 23:22:41,Filler,57,NA,NA,NA,loan,double object verb,to,NA,NA,NA,8f67177484cb9f85cbfce5ebb5ddc0cb.mp3,ConjunctionUnrelated_57,2_ConjunctionUnrelated_iii,triangle.png,circle.png,ConjunctionUnrelated,why,monkey,gorilla,student,square.png,1,
0AlwqQZUa4MWQTHcIbdtOQ,2,How did you show the table to the teacher and the principal?,60,1625786393755,1625786399697,1625786399698,1625786401500,1625786403306,1625786405112,1625786409262,5.415,recorder-59.webm,Yes,Yes,30,MN,,52ad85d6-d239-2cca-1fef-b3ac6a0e43e3.zip,2021-07-08 23:22:41,Filler,58,NA,NA,NA,show,double object verb,to,NA,NA,NA,d4726a0df4d388d36d03d153df29d108.mp3,ConjunctionRelated_58,2_ConjunctionRelated_iii,circle.png,square.png,ConjunctionRelated,how,carpenter,teacher,principal,oval.png,1,
0AlwqQZUa4MWQTHcIbdtOQ,2,Which trinket did you get for the zebra?,61,1625786409267,1625786413905,1625786413906,1625786415711,NA,1625786417518,1625786421199,3.613,recorder-60.webm,Yes,Yes,30,MN,,52ad85d6-d239-2cca-1fef-b3ac6a0e43e3.zip,2021-07-08 23:22:41,target,42,c,non-target,pronoun,get,double object verb,for,zebra,giraffe,grass,94b4646d273acf514c56b0ddd6291259.mp3,non-target_pronoun_42,2_c_xi,rectangle.png,triangle.png,NA,NA,NA,NA,NA,NA,1,
0AlwqQZUa4MWQTHcIbdtOQ,2,Which cake did the chef bake for the mechanic?,62,1625786421203,1625786426192,1625786426193,NA,NA,1625786427997,1625786432062,1.805,recorder-61.webm,Yes,Yes,30,MN,,52ad85d6-d239-2cca-1fef-b3ac6a0e43e3.zip,2021-07-08 23:22:41,target,45,a,non-target,same semantic category,bake,double object verb,for,mechanic,chef,cake,f5413fc77877a94b0e7821cffff10eda.mp3,non-target_same-semantic-category_45,2_a_xii,star.png,NA,NA,NA,NA,NA,NA,NA,1,
0AlwqQZUa4MWQTHcIbdtOQ,2,Which computer did the boss buy for the employee?,63,1625786432065,1625786437328,1625786437329,NA,NA,1625786439133,1625786442936,1.805,recorder-62.webm,Yes,Yes,30,MN,,52ad85d6-d239-2cca-1fef-b3ac6a0e43e3.zip,2021-07-08 23:22:41,target,41,a,non-target,same semantic category,buy,double object verb,for,employee,boss,computer,c34d2cd49b32e98e4f3598604b9d49b5.mp3,non-target_same-semantic-category_41,2_a_xi,rectangle.png,NA,NA,NA,NA,NA,NA,NA,1,
0AlwqQZUa4MWQTHcIbdtOQ,2,Why did you transfer the patron's cash to the customer?,64,1625786442938,1625786448528,1625786448528,1625786450333,1625786452140,1625786453943,1625786458680,5.415,recorder-63.webm,Yes,Yes,30,MN,,52ad85d6-d239-2cca-1fef-b3ac6a0e43e3.zip,2021-07-08 23:22:41,Filler,64,NA,NA,NA,transfer,double object verb,to,NA,NA,NA,db88d24df413713fe8fe7abf903978b0.mp3,PossessorRelated_64,2_PossessorRelated_iv,square.png,triangle.png,PossessorRelated,why,owner,customer,patron,circle.png,1,
0AlwqQZUa4MWQTHcIbdtOQ,2,Which medicine did the physician prescribe to the actor?,65,1625786458684,1625786464271,1625786464272,1625786466081,NA,1625786467887,1625786472677,3.616,recorder-64.webm,Yes,Yes,30,MN,,52ad85d6-d239-2cca-1fef-b3ac6a0e43e3.zip,2021-07-08 23:22:41,target,13,a,non-target,same semantic category,prescribe,double object verb,to,actor,physician,medicine,9d3cab9266bf3d478fad198f17e2d2be.mp3,non-target_same-semantic-category_13,2_a_iv,oval.png,rectangle.png,NA,NA,NA,NA,NA,NA,1,
0AlwqQZUa4MWQTHcIbdtOQ,2,How did you pass the salt to the captain and the general?,66,1625786472683,1625786478542,1625786478544,1625786480348,1625786482154,1625786483959,1625786488115,5.417,recorder-65.webm,Yes,Yes,30,MN,,52ad85d6-d239-2cca-1fef-b3ac6a0e43e3.zip,2021-07-08 23:22:41,Filler,62,NA,NA,NA,pass,double object verb,to,NA,NA,NA,1a204f80a7089a924d3d12f781988a89.mp3,ConjunctionRelated_62,2_ConjunctionRelated_iv,star.png,oval.png,ConjunctionRelated,how,sailor,captain,general,circle.png,1,
0AlwqQZUa4MWQTHcIbdtOQ,2,Which form did the nurse give to the doctor?,67,1625786488118,1625786493070,1625786493071,NA,NA,1625786494874,1625786498306,1.804,recorder-66.webm,Yes,Yes,30,MN,,52ad85d6-d239-2cca-1fef-b3ac6a0e43e3.zip,2021-07-08 23:22:41,target,1,a,non-target,same semantic category,give,double object verb,to,doctor,nurse,form,80dc1805879139b290e557ce20d1f90f.mp3,non-target_same-semantic-category_1,2_a_i,square.png,NA,NA,NA,NA,NA,NA,NA,1,
0AlwqQZUa4MWQTHcIbdtOQ,2,Which sheep did you feed the plant to?,68,1625786498308,1625786502926,1625786502927,NA,NA,1625786504732,1625786507963,1.806,recorder-67.webm,Yes,Yes,30,MN,,52ad85d6-d239-2cca-1fef-b3ac6a0e43e3.zip,2021-07-08 23:22:41,target,12,d,target,pronoun,feed,double object verb,to,sheep,goat,plant,dd46f2cd3ea4d1fa8bcd7f15cc273aae.mp3,target_pronoun_12,2_d_iii,circle.png,NA,NA,NA,NA,NA,NA,NA,1,
0AlwqQZUa4MWQTHcIbdtOQ,2,Why did you feed the physicist's pie to the chemist?,69,1625786507964,1625786513230,1625786513231,1625786515034,1625786516840,1625786518643,1625786523363,5.413,recorder-68.webm,Yes,Yes,30,MN,,52ad85d6-d239-2cca-1fef-b3ac6a0e43e3.zip,2021-07-08 23:22:41,Filler,60,NA,NA,NA,feed,double object verb,to,NA,NA,NA,9c7217589d52baed8cb1d2a8fec1a118.mp3,PossessorRelated_60,2_PossessorRelated_iii,circle.png,rectangle.png,PossessorRelated,why,administrator,chemist,physicist,triangle.png,1,
0AlwqQZUa4MWQTHcIbdtOQ,2,Which duck did you play the lullaby for?,70,1625786523366,1625786528204,1625786528206,NA,NA,1625786530008,1625786533191,1.804,recorder-69.webm,Yes,Yes,30,MN,,52ad85d6-d239-2cca-1fef-b3ac6a0e43e3.zip,2021-07-08 23:22:41,target,32,d,target,pronoun,play,double object verb,for,duck,wolf,lullaby,8ab6b0301524bc1850c3d97c54b47c23.mp3,target_pronoun_32,2_d_viii,oval.png,NA,NA,NA,NA,NA,NA,NA,1,
0AlwqQZUa4MWQTHcIbdtOQ,2,Which lawyer did the architect design the house for?,71,1625786533194,1625786538700,1625786538702,NA,NA,1625786540508,1625786544614,1.808,recorder-70.webm,Yes,Yes,30,MN,,52ad85d6-d239-2cca-1fef-b3ac6a0e43e3.zip,2021-07-08 23:22:41,target,31,b,target,same semantic category,design,double object verb,for,lawyer,architect,house,3e025ac02fd2c7353f28f0b3241196af.mp3,target_same-semantic-category_31,2_b_viii,oval.png,NA,NA,NA,NA,NA,NA,NA,1,
0AlwqQZUa4MWQTHcIbdtOQ,2,Which eagle did the robin sing the song for?,72,1625786544616,1625786549644,1625786549645,1625786551450,NA,1625786553256,1625786556876,3.612,recorder-71.webm,Yes,Yes,30,MN,,52ad85d6-d239-2cca-1fef-b3ac6a0e43e3.zip,2021-07-08 23:22:41,target,44,d,target,pronoun,sing,double object verb,for,eagle,robin,song,d96936e1e0f2065417f3588dc14e8969.mp3,target_pronoun_44,2_d_xi,circle.png,oval.png,NA,NA,NA,NA,NA,NA,1,
dBY+gET2e1g0OgS7e1U9Wg,3,Which accountant did you send the gift to?,1,1626638989256,1626638994153,1626638994154,1626638995959,NA,1626638997763,1626639001387,3.61,recorder.webm,Yes,Yes,30,MN,,1ca43ff3-8c03-46b5-1678-5eae25a95349.zip,2021-07-18 20:24:57,target,5,d,target,pronoun,send,double object verb,to,accountant,banker,gift,5a3349b877b9ea65bf4941895de38785.mp3,target_pronoun_5,3_d_ii,oval.png,star.png,NA,NA,NA,NA,NA,NA,2,
dBY+gET2e1g0OgS7e1U9Wg,3,Which apartment did you rent to the engineer?,2,1626639001390,1626639006249,1626639006250,1626639008058,NA,1626639009864,1626639014123,3.615,recorder-1.webm,Yes,Yes,30,MN,,1ca43ff3-8c03-46b5-1678-5eae25a95349.zip,2021-07-18 20:24:57,target,23,c,non-target,pronoun,rent,double object verb,to,engineer,landlord,apartment,a0cc4f4d438123190186c840a47f81f7.mp3,non-target_pronoun_23,3_c_vi,rectangle.png,triangle.png,NA,NA,NA,NA,NA,NA,2,
dBY+gET2e1g0OgS7e1U9Wg,3,Which present did you bring to the singer?,3,1626639014126,1626639018793,1626639018794,1626639020596,NA,1626639022400,1626639026026,3.607,recorder-2.webm,Yes,Yes,30,MN,,1ca43ff3-8c03-46b5-1678-5eae25a95349.zip,2021-07-18 20:24:57,target,7,c,non-target,pronoun,bring,double object verb,to,singer,painter,present,8773f95b4440bb394d8af9c8e41fac5d.mp3,non-target_pronoun_7,3_c_ii,circle.png,triangle.png,NA,NA,NA,NA,NA,NA,2,
dBY+gET2e1g0OgS7e1U9Wg,3,Why did you feed the goat's pie to the chemist?,4,1626639026029,1626639031016,1626639031017,1626639032822,1626639034627,1626639036431,1626639040170,5.415,recorder-3.webm,Yes,Yes,30,MN,,1ca43ff3-8c03-46b5-1678-5eae25a95349.zip,2021-07-18 20:24:57,Filler,60,NA,NA,NA,feed,double object verb,to,NA,NA,NA,3313db0807f0ea1d11b64c59255150a2.mp3,PossessorUnrelated_60,3_PossessorUnrelated_iii,oval.png,square.png,PossessorUnrelated,why,administrator,chemist,goat,rectangle.png,2,
dBY+gET2e1g0OgS7e1U9Wg,3,Which squirrel did the beaver offer the acorn to?,5,1626639040173,1626639045544,1626639045545,NA,NA,1626639047349,1626639051178,1.805,recorder-4.webm,Yes,Yes,30,MN,,1ca43ff3-8c03-46b5-1678-5eae25a95349.zip,2021-07-18 20:24:57,target,8,b,target,same semantic category,offer,double object verb,to,squirrel,beaver,acorn,d074048ac100803cd7b39331777dab24.mp3,target_same-semantic-category_8,3_b_ii,circle.png,NA,NA,NA,NA,NA,NA,NA,2,
dBY+gET2e1g0OgS7e1U9Wg,3,Which goose did the turtle transfer the contract to?,6,1626639051179,1626639056679,1626639056680,NA,NA,1626639058484,1626639062760,1.805,recorder-5.webm,Yes,Yes,30,MN,,1ca43ff3-8c03-46b5-1678-5eae25a95349.zip,2021-07-18 20:24:57,target,16,b,target,same semantic category,transfer,double object verb,to,goose,turtle,contract,c8bd560d5d5e7d666034c631fff62521.mp3,target_same-semantic-category_16,3_b_iv,star.png,NA,NA,NA,NA,NA,NA,NA,2,
dBY+gET2e1g0OgS7e1U9Wg,3,How did you sell the car to the owl and the squirrel?,7,1626639062763,1626639068391,1626639068392,1626639070195,1626639072001,1626639073809,1626639077992,5.418,recorder-6.webm,Yes,Yes,30,MN,,1ca43ff3-8c03-46b5-1678-5eae25a95349.zip,2021-07-18 20:24:57,Filler,59,NA,NA,NA,sell,double object verb,to,NA,NA,NA,c8f1775e5af46f31407bbcd2d9f9c25a.mp3,ConjunctionRelated_59,3_ConjunctionRelated_iii,oval.png,rectangle.png,ConjunctionRelated,how,bird,owl,squirrel,triangle.png,2,
dBY+gET2e1g0OgS7e1U9Wg,3,Which knight did you grant the title to?,8,1626639077994,1626639082662,1626639082663,NA,NA,1626639084467,1626639087912,1.805,recorder-7.webm,Yes,Yes,30,MN,,1ca43ff3-8c03-46b5-1678-5eae25a95349.zip,2021-07-18 20:24:57,target,21,d,target,pronoun,grant,double object verb,to,knight,queen,title,d80fa27d4a44e1eaa0dc7d4602b1cab3.mp3,target_pronoun_21,3_d_vi,oval.png,NA,NA,NA,NA,NA,NA,NA,2,
dBY+gET2e1g0OgS7e1U9Wg,3,Why did you hand the hippo's bill to the politician?,9,1626639087914,1626639093158,1626639093159,1626639094963,1626639096769,1626639098574,1626639102375,5.416,recorder-8.webm,Yes,Yes,30,MN,,1ca43ff3-8c03-46b5-1678-5eae25a95349.zip,2021-07-18 20:24:57,Filler,72,NA,NA,NA,hand,double object verb,to,NA,NA,NA,e4ca1bce52d6831d04937d75011c220a.mp3,PossessorUnrelated_72,3_PossessorUnrelated_vi,circle.png,triangle.png,PossessorUnrelated,why,lobbyist,politician,hippo,square.png,2,
dBY+gET2e1g0OgS7e1U9Wg,3,Which ball did you throw to the man?,10,1626639102378,1626639106918,1626639106919,NA,NA,1626639108725,1626639111591,1.807,recorder-9.webm,Yes,Yes,30,MN,,1ca43ff3-8c03-46b5-1678-5eae25a95349.zip,2021-07-18 20:24:57,target,3,c,non-target,pronoun,throw,double object verb,to,man,woman,ball,3c4d6c5ad650d9e4e30011c66e6538cf.mp3,non-target_pronoun_3,3_c_i,star.png,NA,NA,NA,NA,NA,NA,NA,2,
dBY+gET2e1g0OgS7e1U9Wg,3,Which eagle did the robin sing the song for?,11,1626639111593,1626639116709,1626639116710,NA,NA,1626639118514,1626639122982,1.805,recorder-10.webm,Yes,Yes,30,MN,,1ca43ff3-8c03-46b5-1678-5eae25a95349.zip,2021-07-18 20:24:57,target,44,b,target,same semantic category,sing,double object verb,for,eagle,robin,song,d96936e1e0f2065417f3588dc14e8969.mp3,target_same-semantic-category_44,3_b_xi,circle.png,NA,NA,NA,NA,NA,NA,NA,2,
dBY+gET2e1g0OgS7e1U9Wg,3,Why did you grant the walrus's opportunity to the bear?,12,1626639122984,1626639128548,1626639128549,1626639130353,1626639132159,1626639133964,1626639138214,5.416,recorder-11.webm,Yes,Yes,30,MN,,1ca43ff3-8c03-46b5-1678-5eae25a95349.zip,2021-07-18 20:24:57,Filler,69,NA,NA,NA,grant,double object verb,to,NA,NA,NA,ee405f201bfdadf3b790dfb27bad8af8.mp3,PossessorRelated_69,3_PossessorRelated_vi,triangle.png,rectangle.png,PossessorRelated,why,moose,bear,walrus,square.png,2,
dBY+gET2e1g0OgS7e1U9Wg,3,Which baby did you cut the slice for?,13,1626639138216,1626639142884,1626639142885,1626639144689,NA,1626639146493,1626639150629,3.609,recorder-12.webm,Yes,Yes,30,MN,,1ca43ff3-8c03-46b5-1678-5eae25a95349.zip,2021-07-18 20:24:57,target,29,d,target,pronoun,cut,double object verb,for,baby,mom,slice,caeaa03a268033ed0b00480538de1044.mp3,target_pronoun_29,3_d_viii,circle.png,star.png,NA,NA,NA,NA,NA,NA,2,
dBY+gET2e1g0OgS7e1U9Wg,3,Which box did the worm mail to the caterpillar?,14,1626639150631,1626639155748,1626639155748,NA,NA,1626639157553,1626639161573,1.805,recorder-13.webm,Yes,Yes,30,MN,,1ca43ff3-8c03-46b5-1678-5eae25a95349.zip,2021-07-18 20:24:57,target,22,a,non-target,same semantic category,mail,double object verb,to,caterpillar,worm,box,c03c0ca7d99265e70a01e3678f536264.mp3,non-target_same-semantic-category_22,3_a_vi,rectangle.png,NA,NA,NA,NA,NA,NA,NA,2,
dBY+gET2e1g0OgS7e1U9Wg,3,Which room did you reserve for the guest?,15,1626639161575,1626639166307,1626639166308,1626639168114,NA,1626639169917,1626639173285,3.61,recorder-14.webm,Yes,Yes,30,MN,,1ca43ff3-8c03-46b5-1678-5eae25a95349.zip,2021-07-18 20:24:57,target,47,c,non-target,pronoun,reserve,double object verb,for,guest,host,room,701a1abf38168f0481aaa8c5621fc6b2.mp3,non-target_pronoun_47,3_c_xii,star.png,circle.png,NA,NA,NA,NA,NA,NA,2,
dBY+gET2e1g0OgS7e1U9Wg,3,Why did you prescribe the pig's antidote to the chameleon?,16,1626639173286,1626639178915,1626639178916,1626639180722,1626639182525,1626639184332,1626639188644,5.417,recorder-15.webm,Yes,Yes,30,MN,,1ca43ff3-8c03-46b5-1678-5eae25a95349.zip,2021-07-18 20:24:57,Filler,61,NA,NA,NA,prescribe,double object verb,to,NA,NA,NA,1296557b79e93564865b10f180a65084.mp3,PossessorRelated_61,3_PossessorRelated_iv,circle.png,triangle.png,PossessorRelated,why,cat,chameleon,pig,rectangle.png,2,
dBY+gET2e1g0OgS7e1U9Wg,3,Which actor did you prescribe the medicine to?,17,1626639188647,1626639193699,1626639193700,1626639195506,NA,1626639197309,1626639200867,3.61,recorder-16.webm,Yes,Yes,30,MN,,1ca43ff3-8c03-46b5-1678-5eae25a95349.zip,2021-07-18 20:24:57,target,13,d,target,pronoun,prescribe,double object verb,to,actor,physician,medicine,61db004ad2b75521b5f2756fc4daf30f.mp3,target_pronoun_13,3_d_iv,rectangle.png,star.png,NA,NA,NA,NA,NA,NA,2,
dBY+gET2e1g0OgS7e1U9Wg,3,How did you rent the house to the rat and the deer?,18,1626639200869,1626639206306,1626639206307,1626639208113,1626639209920,1626639211725,1626639215268,5.419,recorder-17.webm,Yes,Yes,30,MN,,1ca43ff3-8c03-46b5-1678-5eae25a95349.zip,2021-07-18 20:24:57,Filler,71,NA,NA,NA,rent,double object verb,to,NA,NA,NA,74d9a9f7e36efdd559a3b852a3d379d9.mp3,ConjunctionRelated_71,3_ConjunctionRelated_vi,star.png,oval.png,ConjunctionRelated,how,mouse,rat,deer,circle.png,2,
dBY+gET2e1g0OgS7e1U9Wg,3,Which tiger did the lion teach the trick to?,19,1626639215270,1626639220385,1626639220386,1626639222190,NA,1626639223994,1626639227427,3.609,recorder-18.webm,Yes,Yes,30,MN,,1ca43ff3-8c03-46b5-1678-5eae25a95349.zip,2021-07-18 20:24:57,target,4,b,target,same semantic category,teach,double object verb,to,tiger,lion,trick,49584579787092f46c4347f5aff3b7b4.mp3,target_same-semantic-category_4,3_b_i,rectangle.png,oval.png,NA,NA,NA,NA,NA,NA,2,
dBY+gET2e1g0OgS7e1U9Wg,3,How did you deal the hand to the chicken and the turkey?,20,1626639227429,1626639233122,1626639233122,1626639234929,1626639236733,1626639238540,1626639242339,5.418,recorder-19.webm,Yes,Yes,30,MN,,1ca43ff3-8c03-46b5-1678-5eae25a95349.zip,2021-07-18 20:24:57,Filler,63,NA,NA,NA,deal,double object verb,to,NA,NA,NA,f1adb4fb3af238d52fac744959208546.mp3,ConjunctionRelated_63,3_ConjunctionRelated_iv,star.png,rectangle.png,ConjunctionRelated,how,rooster,chicken,turkey,circle.png,2,
dBY+gET2e1g0OgS7e1U9Wg,3,Which snack did the frog pass to the otter?,21,1626639242340,1626639247329,1626639247329,1626639249134,NA,1626639250941,1626639254498,3.612,recorder-20.webm,Yes,Yes,30,MN,,1ca43ff3-8c03-46b5-1678-5eae25a95349.zip,2021-07-18 20:24:57,target,14,a,non-target,same semantic category,pass,double object verb,to,otter,frog,snack,edca72482e9fe795c18e3a7ffe6c7074.mp3,non-target_same-semantic-category_14,3_a_iv,oval.png,star.png,NA,NA,NA,NA,NA,NA,2,
dBY+gET2e1g0OgS7e1U9Wg,3,Which duck did the wolf play the lullaby for?,22,1626639254499,1626639259616,1626639259617,1626639261422,NA,1626639263225,1626639266913,3.609,recorder-21.webm,Yes,Yes,30,MN,,1ca43ff3-8c03-46b5-1678-5eae25a95349.zip,2021-07-18 20:24:57,target,32,b,target,same semantic category,play,double object verb,for,duck,wolf,lullaby,e8cb25fd7c11d54de0d3d7a24638b3d4.mp3,target_same-semantic-category_32,3_b_viii,square.png,triangle.png,NA,NA,NA,NA,NA,NA,2,
dBY+gET2e1g0OgS7e1U9Wg,3,How did the giraffe bring the grass to the zebra and the warthog?,23,1626639266914,1626639273311,1626639273312,1626639275117,1626639276923,1626639278727,1626639283233,5.416,recorder-22.webm,Yes,Yes,30,MN,,1ca43ff3-8c03-46b5-1678-5eae25a95349.zip,2021-07-18 20:24:57,Filler,55,NA,NA,NA,bring,double object verb,to,NA,NA,NA,3c12aa7c33d14cbf6c79e55c6cc5a3e2.mp3,ConjunctionRelated_55,3_ConjunctionRelated_ii,rectangle.png,square.png,ConjunctionRelated,how,giraffe,zebra,warthog,triangle.png,2,
dBY+gET2e1g0OgS7e1U9Wg,3,Which picture did the mouse draw for the rat?,24,1626639283235,1626639288160,1626639288160,1626639289965,NA,1626639291771,1626639295329,3.611,recorder-23.webm,Yes,Yes,30,MN,,1ca43ff3-8c03-46b5-1678-5eae25a95349.zip,2021-07-18 20:24:57,target,26,a,non-target,same semantic category,draw,double object verb,for,rat,mouse,picture,9a1ae204157c1583673b250c6433f528.mp3,non-target_same-semantic-category_26,3_a_vii,star.png,oval.png,NA,NA,NA,NA,NA,NA,2,
dBY+gET2e1g0OgS7e1U9Wg,3,Which book did the rooster order for the chicken?,25,1626639295330,1626639300383,1626639300384,1626639302186,NA,1626639303990,1626639307681,3.607,recorder-24.webm,Yes,Yes,30,MN,,1ca43ff3-8c03-46b5-1678-5eae25a95349.zip,2021-07-18 20:24:57,target,34,a,non-target,same semantic category,order,double object verb,for,chicken,rooster,book,b9fb2737437d3e5ab83ba83afade808b.mp3,non-target_same-semantic-category_34,3_a_ix,square.png,circle.png,NA,NA,NA,NA,NA,NA,2,
dBY+gET2e1g0OgS7e1U9Wg,3,Which sweater did you knit for the firefighter?,26,1626639307683,1626639312542,1626639312543,1626639314346,NA,1626639316150,1626639320032,3.608,recorder-25.webm,Yes,Yes,30,MN,,1ca43ff3-8c03-46b5-1678-5eae25a95349.zip,2021-07-18 20:24:57,target,43,c,non-target,pronoun,knit,double object verb,for,firefighter,seamstress,sweater,55312ca704206a0ced5b2b7003b073dc.mp3,non-target_pronoun_43,3_c_xi,star.png,square.png,NA,NA,NA,NA,NA,NA,2,
dBY+gET2e1g0OgS7e1U9Wg,3,How did you pass the salt to the captain and the kitten?,27,1626639320033,1626639325790,1626639325791,1626639327594,1626639329399,1626639331203,1626639335583,5.413,recorder-26.webm,Yes,Yes,30,MN,,1ca43ff3-8c03-46b5-1678-5eae25a95349.zip,2021-07-18 20:24:57,Filler,62,NA,NA,NA,pass,double object verb,to,NA,NA,NA,bdf499c37a4a7b7a90a405c400ad836a.mp3,ConjunctionUnrelated_62,3_ConjunctionUnrelated_iv,star.png,rectangle.png,ConjunctionUnrelated,how,sailor,captain,kitten,circle.png,2,
dBY+gET2e1g0OgS7e1U9Wg,3,Which fruit did the fox take to the elephant?,28,1626639335585,1626639340637,1626639340638,1626639342443,NA,1626639344250,1626639348127,3.613,recorder-27.webm,Yes,Yes,30,MN,,1ca43ff3-8c03-46b5-1678-5eae25a95349.zip,2021-07-18 20:24:57,target,6,a,non-target,same semantic category,take,double object verb,to,elephant,fox,fruit,42ddf256a559ba96c58a892ec17b44b1.mp3,non-target_same-semantic-category_6,3_a_ii,circle.png,oval.png,NA,NA,NA,NA,NA,NA,2,
dBY+gET2e1g0OgS7e1U9Wg,3,How did you write the letter to the lawyer and the skunk?,29,1626639348129,1626639353821,1626639353822,1626639355627,1626639357432,1626639359238,1626639363550,5.417,recorder-28.webm,Yes,Yes,30,MN,,1ca43ff3-8c03-46b5-1678-5eae25a95349.zip,2021-07-18 20:24:57,Filler,66,NA,NA,NA,write,double object verb,to,NA,NA,NA,e6f85a8fea0a61cc527efaed536fe61a.mp3,ConjunctionUnrelated_66,3_ConjunctionUnrelated_v,triangle.png,oval.png,ConjunctionUnrelated,how,architect,lawyer,skunk,rectangle.png,2,
dBY+gET2e1g0OgS7e1U9Wg,3,Which vacuum did you sell to the professor?,30,1626639363552,1626639368412,1626639368413,NA,NA,1626639370215,1626639373854,1.803,recorder-29.webm,Yes,Yes,30,MN,,1ca43ff3-8c03-46b5-1678-5eae25a95349.zip,2021-07-18 20:24:57,target,11,c,non-target,pronoun,sell,double object verb,to,professor,salesman,vacuum,cf77cafc66a3c6456aa7e57018e3c6cb.mp3,non-target_pronoun_11,3_c_iii,triangle.png,NA,NA,NA,NA,NA,NA,NA,2,
dBY+gET2e1g0OgS7e1U9Wg,3,Which customer did you do the favor for?,31,1626639373855,1626639378652,1626639378652,NA,NA,1626639380454,1626639384157,1.802,recorder-30.webm,Yes,Yes,30,MN,,1ca43ff3-8c03-46b5-1678-5eae25a95349.zip,2021-07-18 20:24:57,target,33,d,target,pronoun,do,double object verb,for,customer,owner,favor,091bc98829eb2c71e4e778d2ec870d26.mp3,target_pronoun_33,3_d_ix,square.png,NA,NA,NA,NA,NA,NA,NA,2,
dBY+gET2e1g0OgS7e1U9Wg,3,Which trinket did the giraffe get for the zebra?,32,1626639384159,1626639389340,1626639389341,1626639391146,NA,1626639392950,1626639397149,3.61,recorder-31.webm,Yes,Yes,30,MN,,1ca43ff3-8c03-46b5-1678-5eae25a95349.zip,2021-07-18 20:24:57,target,42,a,non-target,same semantic category,get,double object verb,for,zebra,giraffe,grass,65f847244b919b0a7d8a825a7a211e3a.mp3,non-target_same-semantic-category_42,3_a_xi,circle.png,rectangle.png,NA,NA,NA,NA,NA,NA,2,
dBY+gET2e1g0OgS7e1U9Wg,3,How did you mail the box to the philanthropist and the stork?,33,1626639397151,1626639403292,1626639403292,1626639405098,1626639406903,1626639408707,1626639412957,5.415,recorder-32.webm,Yes,Yes,30,MN,,1ca43ff3-8c03-46b5-1678-5eae25a95349.zip,2021-07-18 20:24:57,Filler,70,NA,NA,NA,mail,double object verb,to,NA,NA,NA,c93659a0bc0dfd47d5590891241a6aa4.mp3,ConjunctionUnrelated_70,3_ConjunctionUnrelated_vi,square.png,oval.png,ConjunctionUnrelated,how,musician,philanthropist,stork,circle.png,2,
dBY+gET2e1g0OgS7e1U9Wg,3,Which doctor did you give the form to?,34,1626639412958,1626639417626,1626639417627,NA,NA,1626639419429,1626639422620,1.803,recorder-33.webm,Yes,Yes,30,MN,,1ca43ff3-8c03-46b5-1678-5eae25a95349.zip,2021-07-18 20:24:57,target,1,d,target,pronoun,give,double object verb,to,doctor,nurse,form,0f4855c4b53c357aa8c664641e8103ac.mp3,target_pronoun_1,3_d_i,square.png,NA,NA,NA,NA,NA,NA,NA,2,
dBY+gET2e1g0OgS7e1U9Wg,3,Which gorilla did the monkey make the shelter for?,35,1626639422622,1626639427867,1626639427867,NA,NA,1626639429670,1626639433755,1.803,recorder-34.webm,Yes,Yes,30,MN,,1ca43ff3-8c03-46b5-1678-5eae25a95349.zip,2021-07-18 20:24:57,target,40,b,target,same semantic category,make,double object verb,for,gorilla,monkey,shelter,b091b7c313e2755cec99ba44adb52cc6.mp3,target_same-semantic-category_40,3_b_x,rectangle.png,NA,NA,NA,NA,NA,NA,NA,2,
dBY+gET2e1g0OgS7e1U9Wg,3,Which boy did you loan the toy to?,36,1626639433757,1626639438427,1626639438427,NA,NA,1626639440233,1626639443803,1.806,recorder-35.webm,Yes,Yes,30,MN,,1ca43ff3-8c03-46b5-1678-5eae25a95349.zip,2021-07-18 20:24:57,target,9,d,target,pronoun,loan,double object verb,to,boy,girl,toy,a20081774ada92aeef38f6cd9bb7f1f0.mp3,target_pronoun_9,3_d_iii,oval.png,NA,NA,NA,NA,NA,NA,NA,2,
dBY+gET2e1g0OgS7e1U9Wg,3,How did you throw the rock to the lizard and the monkey?,37,1626639443805,1626639449497,1626639449498,1626639451301,1626639453103,1626639454907,1626639458906,5.41,recorder-36.webm,Yes,Yes,30,MN,,1ca43ff3-8c03-46b5-1678-5eae25a95349.zip,2021-07-18 20:24:57,Filler,51,NA,NA,NA,throw,double object verb,to,NA,NA,NA,d978cec543993809813224ee0042b8d9.mp3,ConjunctionRelated_51,3_ConjunctionRelated_i,square.png,rectangle.png,ConjunctionRelated,how,snake,lizard,monkey,circle.png,2,
dBY+gET2e1g0OgS7e1U9Wg,3,Which fish did you catch for the captain?,38,1626639458909,1626639463577,1626639463578,1626639465381,NA,1626639467183,1626639470746,3.606,recorder-37.webm,Yes,Yes,30,MN,,1ca43ff3-8c03-46b5-1678-5eae25a95349.zip,2021-07-18 20:24:57,target,35,c,non-target,pronoun,catch,double object verb,for,captain,sailor,fish,6d813eb9c638e222b44468ca245591d3.mp3,non-target_pronoun_35,3_c_ix,triangle.png,circle.png,NA,NA,NA,NA,NA,NA,2,
dBY+gET2e1g0OgS7e1U9Wg,3,Which sheep did the goat feed the plant to?,39,1626639470748,1626639475609,1626639475610,NA,NA,1626639477412,1626639481114,1.803,recorder-38.webm,Yes,Yes,30,MN,,1ca43ff3-8c03-46b5-1678-5eae25a95349.zip,2021-07-18 20:24:57,target,12,b,target,same semantic category,feed,double object verb,to,sheep,goat,plant,3c855e33a535ffe44b13ce08054f4f54.mp3,target_same-semantic-category_12,3_b_iii,triangle.png,NA,NA,NA,NA,NA,NA,NA,2,
dBY+gET2e1g0OgS7e1U9Wg,3,Why did you award the parakeet's prize to the duck?,40,1626639481115,1626639486361,1626639486362,1626639488168,1626639489973,1626639491780,1626639496026,5.419,recorder-39.webm,Yes,Yes,30,MN,,1ca43ff3-8c03-46b5-1678-5eae25a95349.zip,2021-07-18 20:24:57,Filler,65,NA,NA,NA,award,double object verb,to,NA,NA,NA,de0d16d4d1eeb7e4ddc61efbf3cdb165.mp3,PossessorRelated_65,3_PossessorRelated_v,circle.png,square.png,PossessorRelated,why,wolf,duck,parakeet,star.png,2,
dBY+gET2e1g0OgS7e1U9Wg,3,Which donkey did the rabbit hand the toy to?,41,1626639496027,1626639501208,1626639501209,NA,NA,1626639503012,1626639506586,1.804,recorder-40.webm,Yes,Yes,30,MN,,1ca43ff3-8c03-46b5-1678-5eae25a95349.zip,2021-07-18 20:24:57,target,24,b,target,same semantic category,hand,double object verb,to,donkey,rabbit,toy,3c149416c7d140be096588ac4bc8b91e.mp3,target_same-semantic-category_24,3_b_vi,square.png,NA,NA,NA,NA,NA,NA,NA,2,
dBY+gET2e1g0OgS7e1U9Wg,3,Which politician did you book the vacation for?,42,1626639506588,1626639511831,1626639511832,NA,NA,1626639513638,1626639517273,1.807,recorder-41.webm,Yes,Yes,30,MN,,1ca43ff3-8c03-46b5-1678-5eae25a95349.zip,2021-07-18 20:24:57,target,25,d,target,pronoun,book,double object verb,for,politician,lobbyist,vacation,6342f598104c8691a464ea08d190c6f5.mp3,target_pronoun_25,3_d_vii,rectangle.png,NA,NA,NA,NA,NA,NA,NA,2,
dBY+gET2e1g0OgS7e1U9Wg,3,Why did you transfer the hyena's money to the customer?,43,1626639517275,1626639522775,1626639522776,1626639524580,1626639526383,1626639528186,1626639532248,5.411,recorder-42.webm,Yes,Yes,30,MN,,1ca43ff3-8c03-46b5-1678-5eae25a95349.zip,2021-07-18 20:24:57,Filler,64,NA,NA,NA,transfer,double object verb,to,NA,NA,NA,d9647d411b54efccba76ff9ac7d08b8f.mp3,PossessorUnrelated_64,3_PossessorUnrelated_iv,oval.png,star.png,PossessorUnrelated,why,owner,customer,hyena,triangle.png,2,
dBY+gET2e1g0OgS7e1U9Wg,3,Which symphony did you compose for the philanthropist?,44,1626639532250,1626639537622,1626639537624,NA,NA,1626639539428,1626639543576,1.806,recorder-43.webm,Yes,Yes,30,MN,,1ca43ff3-8c03-46b5-1678-5eae25a95349.zip,2021-07-18 20:24:57,target,27,c,non-target,pronoun,compose,double object verb,for,philanthropist,musician,symphony,227f8415b6c50d19ea7b0dc291a8ec44.mp3,non-target_pronoun_27,3_c_vii,rectangle.png,NA,NA,NA,NA,NA,NA,NA,2,
dBY+gET2e1g0OgS7e1U9Wg,3,Which chameleon did the cat save the seat for?,45,1626639543578,1626639548822,1626639548823,1626639550628,NA,1626639552431,1626639556312,3.609,recorder-44.webm,Yes,Yes,30,MN,,1ca43ff3-8c03-46b5-1678-5eae25a95349.zip,2021-07-18 20:24:57,target,36,b,target,same semantic category,save,double object verb,for,chameleon,cat,seat,7d608e1f7f4d3fbb5250523075a23c8c.mp3,target_same-semantic-category_36,3_b_ix,circle.png,star.png,NA,NA,NA,NA,NA,NA,2,
dBY+gET2e1g0OgS7e1U9Wg,3,Why did you read the bug's book to the baby?,46,1626639556313,1626639561174,1626639561175,1626639562979,1626639564783,1626639566587,1626639570135,5.413,recorder-45.webm,Yes,Yes,30,MN,,1ca43ff3-8c03-46b5-1678-5eae25a95349.zip,2021-07-18 20:24:57,Filler,68,NA,NA,NA,read,double object verb,to,NA,NA,NA,32eaf6dab2efa93a56c50f13a4524459.mp3,PossessorUnrelated_68,3_PossessorUnrelated_v,triangle.png,circle.png,PossessorUnrelated,why,mom,baby,bug,square.png,2,
dBY+gET2e1g0OgS7e1U9Wg,3,Why did you give the duck's snack to the penguin?,47,1626639570137,1626639575126,1626639575126,1626639576928,1626639578734,1626639580537,1626639583830,5.411,recorder-46.webm,Yes,Yes,30,MN,,1ca43ff3-8c03-46b5-1678-5eae25a95349.zip,2021-07-18 20:24:57,Filler,49,NA,NA,NA,give,double object verb,to,NA,NA,NA,eeffacdde849c21b051bc18afb942c31.mp3,PossessorRelated_49,3_PossessorRelated_i,square.png,triangle.png,PossessorRelated,why,walrus,penguin,duck,circle.png,2,
dBY+gET2e1g0OgS7e1U9Wg,3,Which chipmunk did the raccoon read the story to?,48,1626639583832,1626639589269,1626639589270,NA,NA,1626639591075,1626639595222,1.806,recorder-47.webm,Yes,Yes,30,MN,,1ca43ff3-8c03-46b5-1678-5eae25a95349.zip,2021-07-18 20:24:57,target,20,b,target,same semantic category,read,double object verb,to,chipmunk,raccoon,story,863e4bf65b18ba85dddb248a7a654c00.mp3,target_same-semantic-category_20,3_b_v,rectangle.png,NA,NA,NA,NA,NA,NA,NA,2,
dBY+gET2e1g0OgS7e1U9Wg,3,Why did you loan the orangutang's money to the gorilla?,49,1626639595223,1626639600597,1626639600598,1626639602402,1626639604208,1626639606012,1626639610134,5.415,recorder-48.webm,Yes,Yes,30,MN,,1ca43ff3-8c03-46b5-1678-5eae25a95349.zip,2021-07-18 20:24:57,Filler,57,NA,NA,NA,loan,double object verb,to,NA,NA,NA,6b9e6ab58801a6d53b0eaa59e4245fad.mp3,PossessorRelated_57,3_PossessorRelated_iii,star.png,circle.png,PossessorRelated,why,monkey,gorilla,orangutang,square.png,2,
dBY+gET2e1g0OgS7e1U9Wg,3,Which mechanic did you bake the cake for?,50,1626639610136,1626639614932,1626639614933,NA,NA,1626639616735,1626639620438,1.803,recorder-49.webm,Yes,Yes,30,MN,,1ca43ff3-8c03-46b5-1678-5eae25a95349.zip,2021-07-18 20:24:57,target,45,d,target,pronoun,bake,double object verb,for,mechanic,chef,cake,f95d039bc94eab31be4f8ef8aca6f65b.mp3,target_pronoun_45,3_d_xii,rectangle.png,NA,NA,NA,NA,NA,NA,NA,2,
dBY+gET2e1g0OgS7e1U9Wg,3,Which dessert did the horse serve to the dog?,51,1626639620439,1626639625428,1626639625429,NA,NA,1626639627234,1626639630613,1.806,recorder-50.webm,Yes,Yes,30,MN,,1ca43ff3-8c03-46b5-1678-5eae25a95349.zip,2021-07-18 20:24:57,target,2,a,non-target,same semantic category,serve,double object verb,to,dog,horse,dessert,1bd913100ab76e9f4767bf1586eea9ee.mp3,non-target_same-semantic-category_2,3_a_i,circle.png,NA,NA,NA,NA,NA,NA,NA,2,
dBY+gET2e1g0OgS7e1U9Wg,3,Which penguin did the walrus build the nest for?,52,1626639630614,1626639635860,1626639635860,NA,NA,1626639637666,1626639641557,1.806,recorder-51.webm,Yes,Yes,30,MN,,1ca43ff3-8c03-46b5-1678-5eae25a95349.zip,2021-07-18 20:24:57,target,48,b,target,same semantic category,build,double object verb,for,penguin,walrus,nest,e883f9a3fd35a7605ebaa6b826782dd8.mp3,target_same-semantic-category_48,3_b_xii,circle.png,NA,NA,NA,NA,NA,NA,NA,2,
dBY+gET2e1g0OgS7e1U9Wg,3,How did you show the table to the teacher and the bird?,53,1626639641559,1626639647315,1626639647315,1626639649121,1626639650927,1626639652732,1626639656212,5.417,recorder-52.webm,Yes,Yes,30,MN,,1ca43ff3-8c03-46b5-1678-5eae25a95349.zip,2021-07-18 20:24:57,Filler,58,NA,NA,NA,show,double object verb,to,NA,NA,NA,14e73aee6fc0cffc43d3c13bf97c19b3.mp3,ConjunctionUnrelated_58,3_ConjunctionUnrelated_iii,rectangle.png,triangle.png,ConjunctionUnrelated,how,carpenter,teacher,bird,star.png,2,
dBY+gET2e1g0OgS7e1U9Wg,3,Which employee did you buy the computer for?,54,1626639656213,1626639661203,1626639661203,NA,NA,1626639663005,1626639666323,1.802,recorder-53.webm,Yes,Yes,30,MN,,1ca43ff3-8c03-46b5-1678-5eae25a95349.zip,2021-07-18 20:24:57,target,41,d,target,pronoun,buy,double object verb,for,employee,boss,computer,14fb19e74b0d5d28fe4e2825e5204d87.mp3,target_pronoun_41,3_d_xi,circle.png,NA,NA,NA,NA,NA,NA,NA,2,
dBY+gET2e1g0OgS7e1U9Wg,3,Which job did the elk guarantee for the reindeer?,55,1626639666325,1626639671506,1626639671507,1626639673312,NA,1626639675114,1626639679125,3.608,recorder-54.webm,Yes,Yes,30,MN,,1ca43ff3-8c03-46b5-1678-5eae25a95349.zip,2021-07-18 20:24:57,target,30,a,non-target,same semantic category,guarantee,double object verb,for,reindeer,elk,feast,d1c200aa7adffea3d190e2ba72beccf8.mp3,non-target_same-semantic-category_30,3_a_viii,rectangle.png,square.png,NA,NA,NA,NA,NA,NA,2,
dBY+gET2e1g0OgS7e1U9Wg,3,Why did you teach the chimpanzee's recipe to the mechanic?,56,1626639679131,1626639684818,1626639684819,1626639686625,1626639688429,1626639690234,1626639694420,5.416,recorder-55.webm,Yes,Yes,30,MN,,1ca43ff3-8c03-46b5-1678-5eae25a95349.zip,2021-07-18 20:24:57,Filler,52,NA,NA,NA,teach,double object verb,to,NA,NA,NA,57a22a2fa63acb5ff6b4cba19a8dee98.mp3,PossessorUnrelated_52,3_PossessorUnrelated_i,circle.png,oval.png,PossessorUnrelated,why,chef,mechanic,chimpanzee,star.png,2,
dBY+gET2e1g0OgS7e1U9Wg,3,Which pillow did the bird provide for the owl?,57,1626639694424,1626639699537,1626639699538,NA,NA,1626639701341,1626639704851,1.804,recorder-56.webm,Yes,Yes,30,MN,,1ca43ff3-8c03-46b5-1678-5eae25a95349.zip,2021-07-18 20:24:57,target,38,a,non-target,same semantic category,provide,double object verb,for,owl,bird,pillow,03c73fe3c5e13ece696f4acbd36a4b84.mp3,non-target_same-semantic-category_38,3_a_x,square.png,NA,NA,NA,NA,NA,NA,NA,2,
dBY+gET2e1g0OgS7e1U9Wg,3,Which chemist did you purchase the laptop for?,58,1626639704853,1626639709969,1626639709970,1626639711773,NA,1626639713575,1626639716946,3.606,recorder-57.webm,Yes,Yes,30,MN,,1ca43ff3-8c03-46b5-1678-5eae25a95349.zip,2021-07-18 20:24:57,target,37,d,target,pronoun,purchase,double object verb,for,chemist,administrator,laptop,687e6d07e6d0167d21a6c44aad59ef21.mp3,target_pronoun_37,3_d_x,square.png,triangle.png,NA,NA,NA,NA,NA,NA,2,
dBY+gET2e1g0OgS7e1U9Wg,3,How did the seamstress take the gift to the firefighter and the cat?,59,1626639716948,1626639723473,1626639723474,1626639725281,1626639727086,1626639728889,1626639733202,5.416,recorder-58.webm,Yes,Yes,30,MN,,1ca43ff3-8c03-46b5-1678-5eae25a95349.zip,2021-07-18 20:24:57,Filler,54,NA,NA,NA,take,double object verb,to,NA,NA,NA,36d5e241e47fe9fcefc87926d9f37ee7.mp3,ConjunctionUnrelated_54,3_ConjunctionUnrelated_ii,square.png,triangle.png,ConjunctionUnrelated,how,seamstress,firefighter,cat,rectangle.png,2,
dBY+gET2e1g0OgS7e1U9Wg,3,Which house did you design for the lawyer?,60,1626639733205,1626639738001,1626639738002,NA,NA,1626639739813,1626639746452,1.812,recorder-59.webm,Yes,Yes,30,MN,,1ca43ff3-8c03-46b5-1678-5eae25a95349.zip,2021-07-18 20:24:57,target,31,c,non-target,pronoun,design,double object verb,for,lawyer,architect,house,d813e9858c1c7764ebbe92fced5697e5.mp3,non-target_pronoun_31,3_c_viii,oval.png,NA,NA,NA,NA,NA,NA,NA,2,
dBY+gET2e1g0OgS7e1U9Wg,3,Which home did the snake find for the lizard?,61,1626639746459,1626639751506,1626639751507,1626639753316,NA,1626639755121,1626639758549,3.615,recorder-60.webm,Yes,Yes,30,MN,,1ca43ff3-8c03-46b5-1678-5eae25a95349.zip,2021-07-18 20:24:57,target,46,a,non-target,same semantic category,find,double object verb,for,lizard,snake,home,3376d4cc388e260a10273f8acb3cf798.mp3,non-target_same-semantic-category_46,3_a_xii,rectangle.png,star.png,NA,NA,NA,NA,NA,NA,2,
dBY+gET2e1g0OgS7e1U9Wg,3,Which bear did the moose leave the treat for?,62,1626639758551,1626639763538,1626639763539,NA,NA,1626639765347,1626639768531,1.809,recorder-61.webm,Yes,Yes,30,MN,,1ca43ff3-8c03-46b5-1678-5eae25a95349.zip,2021-07-18 20:24:57,target,28,b,target,same semantic category,leave,double object verb,for,bear,moose,treat,4c88dd96706df3c5cfaf07bf4fc4deee.mp3,target_same-semantic-category_28,3_b_vii,rectangle.png,NA,NA,NA,NA,NA,NA,NA,2,
dBY+gET2e1g0OgS7e1U9Wg,3,How did you assign the task to the reindeer and the flamingo?,63,1626639768535,1626639774738,1626639774739,1626639776545,1626639778349,1626639780155,1626639783956,5.417,recorder-62.webm,Yes,Yes,30,MN,,1ca43ff3-8c03-46b5-1678-5eae25a95349.zip,2021-07-18 20:24:57,Filler,67,NA,NA,NA,assign,double object verb,to,NA,NA,NA,ecad7419d3398d71cdfa5214bcf16159.mp3,ConjunctionRelated_67,3_ConjunctionRelated_v,rectangle.png,circle.png,ConjunctionRelated,how,elk,reindeer,flamingo,oval.png,2,
dBY+gET2e1g0OgS7e1U9Wg,3,Which task did you assign to the secretary?,64,1626639783959,1626639789010,1626639789010,1626639790814,NA,1626639792618,1626639796178,3.608,recorder-63.webm,Yes,Yes,30,MN,,1ca43ff3-8c03-46b5-1678-5eae25a95349.zip,2021-07-18 20:24:57,target,19,c,non-target,pronoun,assign,double object verb,to,secretary,manager,task,1e31b090b730c1ff0d30efd75310bf8e.mp3,non-target_pronoun_19,3_c_v,rectangle.png,oval.png,NA,NA,NA,NA,NA,NA,2,
dBY+gET2e1g0OgS7e1U9Wg,3,How did you serve the cake to the guest and the dog?,65,1626639796181,1626639801745,1626639801746,1626639803551,1626639805355,1626639807161,1626639810835,5.416,recorder-64.webm,Yes,Yes,30,MN,,1ca43ff3-8c03-46b5-1678-5eae25a95349.zip,2021-07-18 20:24:57,Filler,50,NA,NA,NA,serve,double object verb,to,NA,NA,NA,c5684dff3e07d4f624ac77e21bc23593.mp3,ConjunctionUnrelated_50,3_ConjunctionUnrelated_i,star.png,rectangle.png,ConjunctionUnrelated,how,host,guest,dog,square.png,2,
dBY+gET2e1g0OgS7e1U9Wg,3,Why did you send the bluebird's package to the eagle?,66,1626639810839,1626639816080,1626639816082,1626639817886,1626639819691,1626639821495,1626639825298,5.415,recorder-65.webm,Yes,Yes,30,MN,,1ca43ff3-8c03-46b5-1678-5eae25a95349.zip,2021-07-18 20:24:57,Filler,53,NA,NA,NA,send,double object verb,to,NA,NA,NA,c77d49ab2e02806ed0dd9ebbdc8ff2dd.mp3,PossessorRelated_53,3_PossessorRelated_ii,square.png,oval.png,PossessorRelated,why,robin,eagle,bluebird,circle.png,2,
dBY+gET2e1g0OgS7e1U9Wg,3,Which barn did the pig show to the cow?,67,1626639825301,1626639830095,1626639830096,NA,NA,1626639831902,1626639834963,1.807,recorder-66.webm,Yes,Yes,30,MN,,1ca43ff3-8c03-46b5-1678-5eae25a95349.zip,2021-07-18 20:24:57,target,10,a,non-target,same semantic category,show,double object verb,to,cow,pig,barn,a66ce1ae37a2b069bcc9442bc9b4f2f5.mp3,non-target_same-semantic-category_10,3_a_iii,rectangle.png,NA,NA,NA,NA,NA,NA,NA,2,
dBY+gET2e1g0OgS7e1U9Wg,3,Which letter did the armadillo write to the hedgehog?,68,1626639834965,1626639840336,1626639840337,1626639842142,NA,1626639843946,1626639847697,3.61,recorder-67.webm,Yes,Yes,30,MN,,1ca43ff3-8c03-46b5-1678-5eae25a95349.zip,2021-07-18 20:24:57,target,18,a,non-target,same semantic category,write,double object verb,to,hedgehog,armadillo,letter,a38278fb1cb5bde8b7b3547d0e3f9215.mp3,non-target_same-semantic-category_18,3_a_v,rectangle.png,circle.png,NA,NA,NA,NA,NA,NA,2,
dBY+gET2e1g0OgS7e1U9Wg,3,Why did you offer the lizard's promotion to the employee?,69,1626639847699,1626639853199,1626639853201,1626639855004,1626639856808,1626639858613,1626639862737,5.414,recorder-68.webm,Yes,Yes,30,MN,,1ca43ff3-8c03-46b5-1678-5eae25a95349.zip,2021-07-18 20:24:57,Filler,56,NA,NA,NA,offer,double object verb,to,NA,NA,NA,fa2ece87437f387674055eb147172221.mp3,PossessorUnrelated_56,3_PossessorUnrelated_ii,star.png,rectangle.png,PossessorUnrelated,why,boss,employee,lizard,circle.png,2,
dBY+gET2e1g0OgS7e1U9Wg,3,Which competitor did you award the prize to?,70,1626639862742,1626639867790,1626639867792,NA,NA,1626639869596,1626639872913,1.806,recorder-69.webm,Yes,Yes,30,MN,,1ca43ff3-8c03-46b5-1678-5eae25a95349.zip,2021-07-18 20:24:57,target,17,d,target,pronoun,award,double object verb,to,competitor,judge,prize,79cddd95e8c2ec2099113d93e74377eb.mp3,target_pronoun_17,3_d_v,star.png,NA,NA,NA,NA,NA,NA,NA,2,
dBY+gET2e1g0OgS7e1U9Wg,3,Which meal did you cook for the teacher?,71,1626639872915,1626639877519,1626639877520,1626639879326,NA,1626639881132,1626639884240,3.613,recorder-70.webm,Yes,Yes,30,MN,,1ca43ff3-8c03-46b5-1678-5eae25a95349.zip,2021-07-18 20:24:57,target,39,c,non-target,pronoun,cook,double object verb,for,teacher,carpenter,meal,2127b1ee89d526baa8362fb12e252fea.mp3,non-target_pronoun_39,3_c_x,circle.png,rectangle.png,NA,NA,NA,NA,NA,NA,2,
dBY+gET2e1g0OgS7e1U9Wg,3,Which card did you deal to the player?,72,1626639884242,1626639888782,1626639888783,NA,NA,1626639890586,1626639893392,1.804,recorder-71.webm,Yes,Yes,30,MN,,1ca43ff3-8c03-46b5-1678-5eae25a95349.zip,2021-07-18 20:24:57,target,15,c,non-target,pronoun,deal,double object verb,to,player,gambler,card,cb027f402f47e8482e7b126479008ab7.mp3,non-target_pronoun_15,3_c_iv,circle.png,NA,NA,NA,NA,NA,NA,NA,2,
